{
    "avg_precision": 0.8382340125173794,
    "mean_female_score": 0.49572028912372684,
    "mean_male_score": 0.6963656214379003
}