{
    "avg_precision": 0.5955169477603512,
    "mean_female_score": 0.3503401142364905,
    "mean_male_score": 0.3602995011524432
}