{
    "avg_precision": 0.9514868981344592,
    "mean_female_score": 0.4692762354181139,
    "mean_male_score": 0.4871022464401378
}