{
    "avg_precision": 0.6355731860872015,
    "mean_female_score": 0.35700874056209747,
    "mean_male_score": 0.37957793793094996
}