{
    "avg_precision": 0.8310431316123863,
    "mean_female_score": 0.5,
    "mean_male_score": 0.5184817438141535
}