{
    "avg_precision": 0.7073544121640292,
    "mean_female_score": 0.3765784469622401,
    "mean_male_score": 0.35330475088147933
}