{
    "avg_precision": 0.9403815509592428,
    "mean_female_score": 0.4799473644955409,
    "mean_male_score": 0.4727199392616494
}