{
    "avg_precision": 0.9411775941217513,
    "mean_female_score": 0.48247964454058595,
    "mean_male_score": 0.47301671181570726
}