{
    "avg_precision": 0.8382340125173794,
    "mean_female_score": 0.5,
    "mean_male_score": 0.699219499979131
}