{
    "avg_precision": 0.8202358108949457,
    "mean_female_score": 0.5,
    "mean_male_score": 0.5718510767052032
}