{
    "avg_precision": 0.8310431316123863,
    "mean_female_score": 0.49637093232244045,
    "mean_male_score": 0.6888864888752284
}