{
    "avg_precision": 0.9506773077029174,
    "mean_female_score": 0.47351783664012714,
    "mean_male_score": 0.4630605367169318
}