{
    "avg_precision": 0.6574460339050116,
    "mean_female_score": 0.37214613753171377,
    "mean_male_score": 0.3497368998143916
}