{
    "avg_precision": 0.9484309761670509,
    "mean_female_score": 0.4764123851294904,
    "mean_male_score": 0.4641092462783639
}