{
    "avg_precision": 0.9484309761670509,
    "mean_female_score": 0.47649681166903024,
    "mean_male_score": 0.46408985878975895
}