{
    "avg_precision": 0.8202358108949457,
    "mean_female_score": 0.4958117882083211,
    "mean_male_score": 0.6918308906846337
}