{
    "avg_precision": 0.9598557337464814,
    "mean_female_score": 0.47204332490834067,
    "mean_male_score": 0.47032769517752615
}