{
    "avg_precision": 0.9593703142457272,
    "mean_female_score": 0.4738085891497213,
    "mean_male_score": 0.47072559981365014
}